,time(sec),r,wtot
0,0.0,5.5,3.7026285188823883e-13
1,3.645030398842916,5.499999757905299,3.702633079352355e-13
2,7.290060797685832,5.499998891626192,3.7026385735858255e-13
3,10.935091196528747,5.49999719599563,3.702645039341321e-13
4,14.580121595371663,5.499994467391514,3.7026524794767683e-13
5,18.225151994214578,5.49999051954321,3.702660860216154e-13
6,21.870182393057494,5.499985213142962,3.702670099335859e-13
7,25.51521279190041,5.499978461454416,3.702680078629029e-13
8,29.160243190743326,5.49997024408854,3.702690647591447e-13
9,32.80527358958624,5.499960618235386,3.702701626649225e-13
10,36.450303988429155,5.499949713549084,3.702712821526122e-13
11,40.09533438727207,5.499937725005851,3.702724034115341e-13
12,43.74036478611498,5.499924903709373,3.702735069668503e-13
13,47.38539518495789,5.4999115436209305,3.7027457428005864e-13
14,51.030425583800806,5.499897946858601,3.7027559000717923e-13
15,54.67545598264372,5.499884416548277,3.702765413686299e-13
16,58.32048638148663,5.4998712364220905,3.702774187022292e-13
17,61.965516780329544,5.499858656515921,3.7027821550245337e-13
18,65.61054717917246,5.4998468778769505,3.702789287444417e-13
19,69.25557757801538,5.499836048476632,3.702795584067326e-13
20,72.9006079768583,5.499826264233284,3.7028010681532067e-13
21,76.54563837570122,5.499817569526411,3.7028057834573236e-13
22,80.19066877454414,5.499809964087461,3.702809787837279e-13
23,83.83569917338706,5.4998034088673835,3.7028131500081783e-13
24,87.48072957222998,5.499797837516283,3.7028159423425233e-13
25,91.1257599710729,5.499793165831132,3.7028182364157693e-13
26,94.77079036991582,5.499789295443542,3.7028201042586816e-13
27,98.41582076875873,5.499786125442809,3.702821611718396e-13
28,102.06085116760165,5.4997835563802315,3.702822818544995e-13
29,105.70588156644457,5.499781493594254,3.702823778376025e-13
30,109.3509119652875,5.499779851483602,3.7028245370123875e-13
31,112.99594236413041,5.499778553981211,3.7028251335878326e-13
32,116.64097276297333,5.499777535448625,3.70282560068502e-13
33,120.28600316181625,5.4997767400099065,3.7028259654275476e-13
34,123.93103356065917,5.499776121420872,3.7028262496710434e-13
35,127.5760639595021,5.499775641869811,3.702826470958957e-13
36,131.221094358345,5.49977527081909,3.7028266432787047e-13
37,134.86612475718792,5.499774983942604,3.70282677764836e-13
38,138.51115515603084,5.499774762048561,3.70282688269691e-13
39,142.15618555487376,5.499774590179723,3.702826965092593e-13
40,145.80121595371668,5.499774456690484,3.702827030033883e-13
41,149.4462463525596,5.499774352637839,3.702827081490936e-13
42,153.09127675140252,5.499774271135192,3.702827122536292e-13
43,156.73630715024544,5.499774206927452,3.702827155515048e-13
44,160.38133754908836,5.499774156013025,3.7028271822160816e-13
45,164.02636794793128,5.499774115333258,3.702827204018371e-13
46,167.6713983467742,5.49977408256277,3.70282722197349e-13
47,171.31642874561712,5.499774055928033,3.7028272368879046e-13
48,174.96145914446004,5.4997740340761725,3.7028272493783844e-13
49,178.60648954330296,5.499774015971202,3.70282725991782e-13
50,182.25151994214588,5.499774000824351,3.702827268861296e-13
51,185.8965503409888,5.499773988026831,3.702827276479903e-13
52,189.54158073983172,5.499773977108843,3.702827282977242e-13
53,193.18661113867464,5.499773967709411,3.7028272885020806e-13
54,196.83164153751756,5.499773959558452,3.702827293155301e-13
55,200.47667193636048,5.4997739524554445,3.7028272970068624e-13
56,204.1217023352034,5.499773946270098,3.702827300100829e-13
57,207.76673273404631,5.49977394094663,3.702827302471574e-13
58,211.41176313288923,5.499773936528449,3.702827304165692e-13
59,215.05679353173215,5.499773933215207,3.702827305277941e-13
60,218.70182393057507,5.499773931467003,3.702827306023378e-13
61,222.346854329418,5.4997739322014345,3.7028273068676137e-13
62,225.9918847282609,5.49977393716821,3.7028273087522223e-13
63,229.63691512710383,5.4997739496190094,3.702827313514011e-13
64,233.28194552594675,5.499773975534888,3.7028273246224977e-13
65,236.92697592478967,5.49977402584237,3.7028273484855684e-13
66,240.5720063236326,5.49977412039907,3.702827396735482e-13
67,244.2170367224755,5.499774295106367,3.7028274902054907e-13
68,247.86206712131843,5.499774614521302,3.702827665767736e-13
69,251.50709752016135,5.499775193984299,3.702827987998181e-13
70,255.15212791900427,5.499776237958092,3.702828568908848e-13
71,258.79715831784716,5.4997781055084625,3.702829600987402e-13
72,262.44218871669005,5.499781421964784,3.702831410279876e-13
73,266.08721911553295,5.499787263328914,3.702834542675381e-13
74,269.73224951437584,5.499797453606992,3.7028399025858594e-13
75,273.37727991321873,5.499815040417547,3.7028489641490215e-13
76,277.0223103120616,5.499845036071021,3.7028640840120084e-13
77,280.6673407109045,5.499895509519196,3.702888977410861e-13
78,284.3123711097474,5.4999791955090895,3.7029293637095775e-13
79,287.9574015085903,5.500115710221529,3.7029938599726253e-13
80,291.6024319074332,5.500334461035874,3.703095151505005e-13
81,295.2474623062761,5.500678458751124,3.7032512236195524e-13
82,298.89249270511897,5.501208216552031,3.703487184274747e-13
83,302.53752310396186,5.50200648650961,3.7038363406445316e-13
84,306.18255350280475,5.503181214548363,3.7043419651944175e-13
85,309.82758390164764,5.504868449534975,3.705056521680388e-13
86,313.47261430049053,5.507229347905232,3.7060420199759363e-13
87,317.1176446993334,5.510444674046457,3.7073663260967573e-13
88,320.7626750981763,5.514701991118925,3.7090986292729433e-13
89,324.4077054970192,5.520177275918148,3.7113022712119607e-13
90,328.0527358958621,5.527013662837401,3.714024191241003e-13
91,331.697766294705,5.535293543322027,3.717288372509123e-13
92,335.3427966935479,5.545021909591637,3.7210822329515107e-13
93,338.9878270923908,5.556104324310886,3.7253571345300026e-13
94,342.63285749123366,5.5683550833166295,3.7300159424976904e-13
95,346.27788789007656,5.58148531850339,3.7349349636595814e-13
96,349.92291828891945,5.595148454658285,3.7399500197347837e-13
97,353.56794868776234,5.608955339775806,3.7448829018838356e-13
98,357.21297908660523,5.622519598035225,3.749546071639003e-13
99,360.8580094854481,5.635479454878384,3.7537681453336326e-13
100,364.503039884291,5.647516242948566,3.757414563515708e-13
101,368.1480702831339,5.65841427100863,3.7603635731325934e-13
102,371.7931006819768,5.668026392664099,3.762552701569236e-13
103,375.4381310808197,5.67629585154571,3.76395996737223e-13
104,379.0831614796626,5.68324710661402,3.7646045826610356e-13
105,382.72819187850547,5.688969342506118,3.764541424227015e-13
106,386.37322227734836,5.693592852644602,3.763859895454777e-13
107,390.01825267619125,5.6972896564747835,3.7626558788313926e-13
108,393.66328307503414,5.70022659825028,3.76104818946078e-13
109,397.30831347387704,5.702585911991582,3.759137085926531e-13
110,400.9533438727199,5.704514008201096,3.757033296419771e-13
111,404.5983742715628,5.706149619820243,3.754820291921382e-13
112,408.2434046704057,5.707571896995704,3.7525958409339586e-13
113,411.8884350692486,5.708868345157043,3.7504080310844396e-13
114,415.5334654680915,5.710086698373811,3.748301894356679e-13
115,419.1784958669344,5.711242677213753,3.746317456943318e-13
116,422.8235262657773,5.712360174200541,3.744458881675753e-13
117,426.46855666462017,5.713406594740981,3.7427606728202553e-13
118,430.11358706346306,5.714393754460683,3.7412009618735914e-13
119,433.75861746230595,5.715288960873207,3.7397884411049876e-13
120,437.40364786114884,5.716075681838353,3.738511160476174e-13
121,441.04867825999173,5.716729246338474,3.737362004515562e-13
122,444.6937086588346,5.717229014406254,3.736329909645077e-13
123,448.3387390576775,5.71755838501386,3.7354016043066945e-13
124,451.9837694565204,5.7177048805920005,3.7345623580419574e-13
125,455.6287998553633,5.717656009047264,3.7338003862086966e-13
126,459.2738302542062,5.717399291191009,3.73310697979821e-13
127,462.9188606530491,5.716918207046614,3.732480048961193e-13
128,466.56389105189197,5.716212539891378,3.731905761869322e-13
129,470.20892145073486,5.715282097950769,3.7313729986884206e-13
130,473.85395184957775,5.714126704761824,3.730873031339023e-13
131,477.49898224842065,5.712750297066796,3.7303954064564537e-13
132,481.14401264726354,5.711140458544186,3.729946603262711e-13
133,484.7890430461064,5.709284803145283,3.7295344625439776e-13
134,488.4340734449493,5.707203647070649,3.729139122843844e-13
135,492.0791038437922,5.704900953947424,3.7287565444010675e-13
136,495.7241342426351,5.7023888666684535,3.728376534100909e-13
137,499.369164641478,5.699646837811176,3.728019085539662e-13
138,503.0141950403209,5.696699289885802,3.727665085550287e-13
139,506.6592254391638,5.693550225948697,3.7273141239918577e-13
140,510.30425583800667,5.690203645694916,3.7269669388016233e-13
141,513.9492862368496,5.686683980825381,3.7266062049323533e-13
142,517.5943166356925,5.682987008769465,3.726241286703542e-13
143,521.2393470345354,5.679112643216878,3.7258784603839794e-13
144,524.8843774333783,5.675077147583898,3.725509569626828e-13
145,528.5294078322212,5.670888626855452,3.7251341293559556e-13
146,532.1744382310641,5.666563345027506,3.724745293959578e-13
147,535.819468629907,5.662109392397147,3.724343455579626e-13
148,539.4644990287499,5.657530752861284,3.723934108735528e-13
149,543.1095294275927,5.6528396146214686,3.72351437388097e-13
150,546.7545598264356,5.648072784651569,3.7230595047862586e-13
151,550.3995902252785,5.6432096091747885,3.722597492446901e-13
152,554.0446206241214,5.638278722925119,3.7221111236053194e-13
153,557.6896510229643,5.633259467473331,3.7216285430737586e-13
154,561.3346814218072,5.628192848438156,3.721120913057481e-13
155,564.9797118206501,5.623080827873091,3.7205952575627634e-13
156,568.624742219493,5.617927418881975,3.720056361763479e-13
157,572.2697726183359,5.612742811598735,3.7195032492655443e-13
158,575.9148030171788,5.607533105998533,3.718938469151791e-13
159,579.5598334160217,5.60230647530777,3.7183625043339394e-13
160,583.2048638148646,5.597069075863544,3.7177778065312476e-13
161,586.8498942137074,5.591822918962449,3.71719075184024e-13
162,590.4949246125503,5.586576241293691,3.7166023658087243e-13
163,594.1399550113932,5.581327010760076,3.716023864602578e-13
164,597.7849854102361,5.576087660653255,3.715453619947857e-13
165,601.430015809079,5.570864452675414,3.714896722273031e-13
166,605.0750462079219,5.565663680707072,3.714359484230179e-13
167,608.7200766067648,5.560497875969897,3.713843853434718e-13
168,612.3651070056077,5.555383739699085,3.7133490721801104e-13
169,616.0101374044506,5.550331772999514,3.712881888983098e-13
170,619.6551678032935,5.545358726906039,3.712444395447037e-13
171,623.3001982021364,5.540478278381074,3.7120430196868595e-13
172,626.9452286009792,5.535713456383449,3.7116762873158407e-13
173,630.5902589998221,5.53108625433101,3.7113445554671347e-13
174,634.235289398665,5.526620751133001,3.711046741561521e-13
175,637.8803197975079,5.522337403548659,3.7107852245842433e-13
176,641.5253501963508,5.5182618517723885,3.7105573011946447e-13
177,645.1703805951937,5.5144160973428304,3.710363022472545e-13
178,648.8154109940366,5.5108242110027925,3.7101994488935944e-13
179,652.4604413928795,5.507507385539934,3.710065024663143e-13
180,656.1054717917224,5.504487056080555,3.7099562018932545e-13
181,659.7505021905653,5.501779704980629,3.709872116231667e-13
182,663.3955325894082,5.499402052763742,3.709809373189783e-13
183,667.040562988251,5.49736768275753,3.7097650057843795e-13
184,670.685593387094,5.495687819778335,3.709735565400513e-13
185,674.3306237859368,5.494370326563693,3.709717972098468e-13
186,677.9756541847797,5.4934200482753415,3.709709166425101e-13
187,681.6206845836226,5.492839014119087,3.7097059858064074e-13
188,685.2657149824655,5.492626325852452,3.709705468440767e-13
189,688.9107453813084,5.4927783401443815,3.709704989831881e-13
190,692.5557757801513,5.493289078245743,3.709702292177086e-13
191,696.2008061789942,5.494150540359229,3.709695693220924e-13
192,699.8458365778371,5.495353251648036,3.709684117440127e-13
193,703.49086697668,5.496886767752186,3.70966715751006e-13
194,707.1358973755229,5.498740616671526,3.709644642027218e-13
195,710.7809277743658,5.500903582132924,3.7096176610851496e-13
196,714.4259581732086,5.503366789508165,3.709585749188234e-13
197,718.0709885720515,5.506118831098665,3.7095515092997264e-13
198,721.7160189708944,5.509149202994671,3.70951701200188e-13
199,725.3610493697373,5.5124493497787865,3.7094823018824546e-13
200,729.0060797685802,5.516009413801802,3.7094478665053203e-13
201,732.6511101674231,5.519816933453302,3.7094151673479163e-13
202,736.296140566266,5.523859446569146,3.7093830591396597e-13
203,739.9411709651089,5.528123456610693,3.709347849965318e-13
204,743.5862013639518,5.532587680517527,3.709308328477636e-13
205,747.2312317627947,5.537224605509771,3.709262588477737e-13
206,750.8762621616376,5.5420103848932625,3.709196315072211e-13
207,754.5212925604804,5.5469066665141575,3.7090976333022306e-13
208,758.1663229593233,5.551862685321325,3.708951457039201e-13
209,761.8113533581662,5.556812128005287,3.7087385655316484e-13
210,765.4563837570091,5.561670027041163,3.708434942911817e-13
211,769.101414155852,5.566342102144894,3.7080000717599093e-13
212,772.7464445546949,5.570704939689934,3.707394307187606e-13
213,776.3914749535378,5.574605827792019,3.706581053309045e-13
214,780.0365053523807,5.577896911649504,3.7055008572862167e-13
215,783.6815357512236,5.580419335392539,3.704097969702741e-13
216,787.3265661500665,5.582013274425566,3.7023283755638177e-13
217,790.9715965489094,5.582544690492167,3.7001565586637347e-13
218,794.6166269477523,5.581926075664747,3.6975612351391703e-13
219,798.2616573465951,5.580113406714188,3.69456372049718e-13
220,801.906687745438,5.577142291742591,3.691214104409885e-13
221,805.5517181442809,5.573149182476724,3.6875818204584544e-13
222,809.1967485431238,5.5683454270674115,3.6837784092939227e-13
223,812.8417789419667,5.563024222510537,3.679932553995398e-13
224,816.4868093408096,5.5575088221675,3.6762067495049466e-13
225,820.1318397396525,5.552132774340772,3.6727707447107455e-13
226,823.7768701384954,5.547239717943099,3.669749043794471e-13
227,827.4219005373383,5.543092264586468,3.667263822982151e-13
228,831.0669309361812,5.539893865755878,3.6653780810943953e-13
229,834.7119613350241,5.537709779746879,3.664155615968761e-13
230,838.356991733867,5.536582309428888,3.663549166421254e-13
231,842.0020221327098,5.53640084096126,3.663546648561436e-13
232,845.6470525315527,5.537040286300016,3.664065221439523e-13
233,849.2920829303956,5.5383270127030855,3.6650185912316335e-13
234,852.9371133292385,5.540061143759313,3.666326968049129e-13
235,856.5821437280814,5.542077557082461,3.6678859112809286e-13
236,860.2271741269243,5.544237470039559,3.6695935114234527e-13
237,863.8722045257672,5.546411390708752,3.671376840454639e-13
238,867.5172349246101,5.548496203607604,3.6731795804742624e-13
239,871.162265323453,5.550449379389873,3.6749301202285154e-13
240,874.8072957222959,5.552194409301556,3.676623891777198e-13
241,878.4523261211388,5.553727708318613,3.6782196615519916e-13
242,882.0973565199816,5.555045737200262,3.679699749201291e-13
243,885.7423869188245,5.5561363779569,3.6810720018836835e-13
244,889.3874173176674,5.557000263137383,3.682344524785578e-13
245,893.0324477165103,5.557688957506897,3.6834867065671475e-13
246,896.6774781153532,5.558181648345778,3.684538318023841e-13
247,900.3225085141961,5.558508398899686,3.685494400788138e-13
248,903.967538913039,5.55866953439482,3.6863773592762027e-13
249,907.6125693118819,5.558699198434391,3.6871773071206403e-13
250,911.2575997107248,5.5586272215930785,3.6878866275326214e-13
251,914.9026301095677,5.5584240832583705,3.688550457544535e-13
252,918.5476605084106,5.558111071216983,3.68916500238787e-13
253,922.1926909072534,5.557709449561075,3.689724350381068e-13
254,925.8377213060963,5.557206586250983,3.6902521801673004e-13
255,929.4827517049392,5.556606798423037,3.690754820400038e-13
256,933.1277821037821,5.555922806204729,3.6912292225787165e-13
257,936.772812502625,5.555146241090158,3.691690777030367e-13
258,940.4178429014679,5.554298230529796,3.6921263768126853e-13
259,944.0628733003108,5.553370404406215,3.692549360959986e-13
260,947.7079036991537,5.552358596651687,3.692968610104851e-13
261,951.3529340979966,5.551271277178905,3.6933805313089877e-13
262,954.9979644968395,5.550129552380341,3.6937692861054006e-13
263,958.6429948956824,5.548903962818112,3.694165917662891e-13
264,962.2880252945253,5.547615638919514,3.6945538659048784e-13
265,965.9330556933681,5.5462393608756955,3.694959737685196e-13
266,969.578086092211,5.544808846174083,3.6953550773200356e-13
267,973.2231164910539,5.543303104559952,3.6957625363665133e-13
268,976.8681468898968,5.541718004626877,3.696189047343816e-13
269,980.5131772887397,5.540083030397828,3.696610140991575e-13
270,984.1582076875826,5.538381398997906,3.6970450216907446e-13
271,987.8032380864255,5.536609017769507,3.6975012355612275e-13
272,991.4482684852684,5.5347743533003735,3.6979751393362086e-13
273,995.0932988841113,5.5328921596107055,3.6984575661302173e-13
274,998.7383292829542,5.530964580678482,3.6989515991663786e-13
275,1002.3833596817971,5.528985403274049,3.69946900043398e-13
276,1006.02839008064,5.526965183500206,3.700006362056298e-13
277,1009.6734204794828,5.524927026370854,3.7005489590722314e-13
278,1013.3184508783257,5.522877240247423,3.701098641494325e-13
279,1016.9634812771686,5.52082212669248,3.701657606483143e-13
280,1020.6085116760115,5.518770075949345,3.702226654680796e-13
281,1024.2535420748545,5.516742015731395,3.7027948778928796e-13
282,1027.8985724736974,5.514746254720099,3.703363346970551e-13
283,1031.5436028725403,5.512795314811623,3.7039289631209537e-13
284,1035.1886332713832,5.510905832262279,3.704484312098693e-13
285,1038.833663670226,5.509086095659393,3.705029151760757e-13
286,1042.478694069069,5.5073464307702835,3.7055602840848376e-13
287,1046.1237244679119,5.505696156073613,3.7060743711414014e-13
288,1049.7687548667548,5.504148696667216,3.7065627833328036e-13
289,1053.4137852655977,5.502701858546182,3.707030327197682e-13
290,1057.0588156644405,5.501361776002489,3.707472318071471e-13
291,1060.7038460632834,5.500133550443818,3.707883542296557e-13
292,1064.3488764621263,5.499014987488805,3.7082643513018986e-13
293,1067.9939068609692,5.498003909266349,3.7086138293749544e-13
294,1071.638937259812,5.497099189448931,3.7089289861034476e-13
295,1075.283967658655,5.4962929438380685,3.709212445717795e-13
296,1078.928998057498,5.495579385714946,3.709464249156201e-13
297,1082.5740284563408,5.494952225179209,3.70968457712781e-13
298,1086.2190588551837,5.494403618667033,3.70987502155389e-13
299,1089.8640892540266,5.493925998105828,3.710037068504859e-13
300,1093.5091196528695,5.493512579672959,3.7101718189437113e-13
301,1097.1541500517123,5.49315425169422,3.710283202257557e-13
302,1100.7991804505552,5.492847101660579,3.7103708982201794e-13
303,1104.4442108493981,5.492583069267989,3.7104394995120827e-13
304,1108.089241248241,5.492358639748688,3.710490288097688e-13
305,1111.734271647084,5.492169847995605,3.710526159643399e-13
306,1115.3793020459268,5.4920141586316324,3.710549898972086e-13
307,1119.0243324447697,5.491890627908055,3.7105640715710066e-13
308,1122.6693628436126,5.491799968043256,3.710570949598487e-13
309,1126.3143932424555,5.491743605736186,3.710573340464614e-13
310,1129.9594236412984,5.49172444583891,3.7105736891949087e-13
311,1133.6044540401413,5.491746463687936,3.7105742200696026e-13
312,1137.2494844389842,5.491814428490947,3.71057686638995e-13
313,1140.894514837827,5.4919336560854095,3.7105831001673365e-13
314,1144.53954523667,5.492109519466627,3.710593953602071e-13
315,1148.1845756355128,5.492346964816588,3.710610033941656e-13
316,1151.8296060343557,5.49265046800542,3.710631160627439e-13
317,1155.4746364331986,5.49302359368236,3.7106564889162823e-13
318,1159.1196668320415,5.493467180540059,3.710686086241352e-13
319,1162.7646972308844,5.493982522237835,3.710717875064335e-13
320,1166.4097276297273,5.494568836705908,3.710750230092121e-13
321,1170.0547580285702,5.49522339402881,3.710782164696084e-13
322,1173.699788427413,5.495942557922627,3.7108127179374424e-13
323,1177.344818826256,5.4967232126162795,3.710840011099014e-13
324,1180.9898492250989,5.497560425858635,3.710863905381696e-13
325,1184.6348796239417,5.4984495254356025,3.710884269846728e-13
326,1188.2799100227846,5.499385323716703,3.710901964873397e-13
327,1191.9249404216275,5.500364705172614,3.7109163974194655e-13
328,1195.5699708204704,5.501388192637997,3.7109240002758995e-13
329,1199.2150012193133,5.502445928145093,3.7109315735652445e-13
330,1202.8600316181562,5.503532722204453,3.710941666851862e-13
331,1206.505062016999,5.5046537634740345,3.710947010743038e-13
332,1210.150092415842,5.505805941331597,3.710948269387017e-13
333,1213.7951228146849,5.5069819870245285,3.710950004991461e-13
334,1217.4401532135278,5.50818606662368,3.710945622588122e-13
335,1221.0851836123707,5.509401562804746,3.710948347896332e-13
336,1224.7302140112135,5.510639890602485,3.710944369797673e-13
337,1228.3752444100564,5.511885491991781,3.7109456213100666e-13
338,1232.0202748088993,5.513143549256039,3.710944033214705e-13
339,1235.6653052077422,5.514401602638743,3.7109483886683907e-13
340,1239.310335606585,5.515661727724282,3.710953489428163e-13
341,1242.955366005428,5.516928074841971,3.7109522056237183e-13
342,1246.600396404271,5.518186121522292,3.710955180789574e-13
343,1250.2454268031138,5.519433784487848,3.7109611801607116e-13
344,1253.8904572019567,5.520677292149038,3.710961165992171e-13
345,1257.5354876007996,5.521904197211598,3.7109638694015664e-13
346,1261.1805179996425,5.523118634108375,3.7109621961287655e-13
347,1264.8255483984854,5.524304015977722,3.710969017812308e-13
348,1268.4705787973282,5.525481095750662,3.7109616683519e-13
349,1272.1156091961711,5.526614571702109,3.710970761935229e-13
350,1275.760639595014,5.527741826786691,3.7109580235704873e-13
351,1279.405669993857,5.5288441712179965,3.7109384642697617e-13
352,1283.0507003926998,5.529878028556769,3.710950844448625e-13
353,1286.6957307915427,5.530878669962128,3.710959062985417e-13
354,1290.3407611903856,5.5318460730069745,3.7109607520822183e-13
355,1293.9857915892285,5.53276364852703,3.710969382712845e-13
356,1297.6308219880714,5.533635526270005,3.710978695572009e-13
357,1301.2758523869143,5.534465910798625,3.710982726458686e-13
358,1304.9208827857572,5.535254766954657,3.710979451334221e-13
359,1308.5659131846,5.535989660441223,3.71097875918688e-13
360,1312.210943583443,5.536662262948719,3.710986838350537e-13
361,1315.8559739822858,5.537289203056007,3.7109862910768877e-13
362,1319.5010043811287,5.537866313141218,3.7109796426886666e-13
363,1323.1460347799716,5.538381136957812,3.7109773252568725e-13
364,1326.7910651788145,5.538833692650949,3.710978088386434e-13
365,1330.4360955776574,5.539232274074914,3.710973048305708e-13
366,1334.0811259765003,5.539576883628102,3.71096127446591e-13
367,1337.7261563753432,5.539850912507375,3.710957741106735e-13
368,1341.371186774186,5.540070966943071,3.7109460664543325e-13
369,1345.016217173029,5.540216285903344,3.710945416162073e-13
370,1348.6612475718719,5.540291021119385,3.710951520335825e-13
371,1352.3062779707147,5.540315932530456,3.710944546421974e-13
372,1355.9513083695576,5.540270250605829,3.710944122770689e-13
373,1359.5963387684005,5.5401539849970955,3.7109503303769797e-13
374,1363.2413691672434,5.539983752693655,3.710947733527135e-13
375,1366.8863995660863,5.539742927885112,3.7109524314371603e-13
376,1370.5314299649292,5.5394439852984005,3.7109531582311816e-13
377,1374.176460363772,5.539082771982108,3.7109545854607653e-13
378,1377.821490762615,5.538646826266201,3.7109693386021846e-13
379,1381.4665211614579,5.538181797265618,3.710955149585342e-13
380,1385.1115515603008,5.537637889487994,3.710960314760096e-13
381,1388.7565819591437,5.5370483200377585,3.7109546508767976e-13
382,1392.4016123579866,5.53639231896232,3.710959233490189e-13
383,1396.0466427568294,5.535682346238491,3.710963817927431e-13
384,1399.6916731556723,5.534947454103986,3.710942506894591e-13
385,1403.3367035545152,5.534141962559597,3.71094039457058e-13
386,1406.9817339533581,5.533282484299801,3.710943642577352e-13
387,1410.626764352201,5.532385647819071,3.710938583567408e-13
388,1414.271794751044,5.531438985114085,3.710939151432964e-13
389,1417.9168251498868,5.530434210527699,3.71095552966829e-13
390,1421.5618555487297,5.529396222058904,3.7109664516336933e-13
391,1425.2068859475726,5.528341636369492,3.7109585926677933e-13
392,1428.8519163464155,5.527247591151889,3.7109562981915784e-13
393,1432.4969467452584,5.526126557647453,3.710950301258149e-13
394,1436.1419771441012,5.524976462658821,3.710945453636294e-13
395,1439.7870075429441,5.523801438396991,3.71094055369225e-13
396,1443.432037941787,5.5226056531583705,3.710934637901e-13
397,1447.07706834063,5.521372507029149,3.7109464673237934e-13
398,1450.7220987394728,5.520128996005832,3.7109533475729516e-13
399,1454.3671291383157,5.518879250469219,3.7109544490104277e-13
400,1458.0121595371586,5.517617056364915,3.710958856659609e-13
401,1461.6571899360015,5.516354861220326,3.710957863604912e-13
402,1465.3022203348444,5.5150926613800255,3.7109546549682917e-13
403,1468.9472507336873,5.5138283892609445,3.7109544573968497e-13
404,1472.5922811325302,5.512570340116327,3.710952564402732e-13
405,1476.237311531373,5.511318523151712,3.71095222453763e-13
406,1479.882341930216,5.510079156332246,3.7109507300048094e-13
407,1483.5273723290588,5.508852245935428,3.7109512787389734e-13
408,1487.1724027279017,5.507645051207638,3.710950127864082e-13
409,1490.8174331267446,5.506456544940009,3.7109514393268234e-13
410,1494.4624635255875,5.505292952487392,3.7109523807197134e-13
411,1498.1074939244304,5.504159460932807,3.7109510256974775e-13
412,1501.7525243232733,5.503060223131843,3.710946426180049e-13
413,1505.3975547221162,5.501989007489984,3.710947476752013e-13
414,1509.042585120959,5.5009520505001195,3.7109511026372046e-13
415,1512.687615519802,5.4999623220060645,3.710947574793504e-13
416,1516.3326459186449,5.499011514624522,3.7109475652709067e-13
417,1519.9776763174877,5.498103786169285,3.7109496514661327e-13
418,1523.6227067163306,5.497246401288941,3.7109493099773e-13
419,1527.2677371151735,5.496439876487135,3.710948375320882e-13
420,1530.9127675140164,5.495684733588422,3.7109485526422766e-13
421,1534.5577979128593,5.494985381771636,3.710947666516823e-13
422,1538.2028283117022,5.4943420820509985,3.710947386451696e-13
423,1541.847858710545,5.4937569095340955,3.710947487223451e-13
424,1545.492889109388,5.49323207139523,3.710947459185984e-13
425,1549.1379195082309,5.492768734398643,3.710947624325836e-13
426,1552.7829499070738,5.492368455828748,3.710947769217975e-13
427,1556.4279803059167,5.4920324683424,3.71094781299016e-13
428,1560.0730107047596,5.491761647615026,3.71094784514101e-13
429,1563.7180411036024,5.491556885676103,3.71094775910376e-13
430,1567.3630715024453,5.4914185393272215,3.7109477802910063e-13
431,1571.0081019012882,5.491347143838877,3.7109477779512893e-13
432,1574.6531323001311,5.491342877975549,3.7109477785393454e-13
433,1578.298162698974,5.491405762793831,3.710947773658277e-13
434,1581.943193097817,5.491535568543006,3.7109478096219605e-13
435,1585.5882234966598,5.491731927781712,3.710947879375284e-13
436,1589.2332538955027,5.491994378245746,3.7109478812995546e-13
437,1592.8782842943456,5.492322125199534,3.7109478528496786e-13
438,1596.5233146931885,5.49271370929545,3.710948288899708e-13
439,1600.1683450920314,5.4931690001827596,3.710948229691228e-13
440,1603.8133754908743,5.4936863108605625,3.710948039248459e-13
441,1607.4584058897171,5.494263436460276,3.710948412455085e-13
442,1611.10343628856,5.494899987432655,3.710948129019551e-13
443,1614.748466687403,5.495593887598933,3.710947439205802e-13
444,1618.3934970862458,5.496341764917542,3.71094767854636e-13
445,1622.0385274850887,5.4971415415821125,3.7109488064573404e-13
446,1625.6835578839316,5.497993737077379,3.710948134326353e-13
447,1629.3285882827745,5.498893161292655,3.710948322547834e-13
448,1632.9736186816174,5.499837742467757,3.710948926271452e-13
449,1636.6186490804603,5.500824875930153,3.7109499033796675e-13
450,1640.2636794793032,5.501852491620988,3.7109505715530347e-13
451,1643.908709878146,5.502918517190159,3.710950150042876e-13
452,1647.553740276989,5.504016713193168,3.710951780201341e-13
453,1651.1987706758318,5.505147086112842,3.710952523523673e-13
454,1654.8438010746747,5.506307563708933,3.7109513763166225e-13
455,1658.4888314735176,5.507491912815667,3.710951249769923e-13
456,1662.1338618723605,5.5087011761008835,3.7109480116118844e-13
457,1665.7788922712034,5.5099249725761394,3.710948431665512e-13
458,1669.4239226700463,5.511158109371653,3.710954338799919e-13
459,1673.0689530688892,5.51240161522432,3.710961448046512e-13
460,1676.713983467732,5.513657576081267,3.71096455017781e-13
461,1680.359013866575,5.5149239216859165,3.7109623999291007e-13
462,1684.0040442654179,5.516188190461259,3.710963644700297e-13
463,1687.6490746642608,5.517458686288585,3.710957190195589e-13
464,1691.2941050631036,5.518710501609359,3.7109635421369607e-13
465,1694.9391354619465,5.5199581576257835,3.7109656721922406e-13
466,1698.5841658607894,5.521193350378989,3.710968357583289e-13
467,1702.2291962596323,5.522418161802494,3.71096653082142e-13
468,1705.8742266584752,5.523630532984243,3.7109591240823366e-13
469,1709.519257057318,5.5248076100716546,3.710964859964776e-13
470,1713.164287456161,5.525966014929509,3.71096502469876e-13
471,1716.8093178550039,5.527093268225778,3.7109685942809007e-13
472,1720.4543482538468,5.5281976845898155,3.7109649017476353e-13
473,1724.0993786526897,5.529264739408848,3.710965133524508e-13
474,1727.7444090515326,5.530302725650548,3.7109587956795044e-13
475,1731.3894394503754,5.5312950411953485,3.710959041022702e-13
476,1735.0344698492183,5.532245839992491,3.7109596677636483e-13
477,1738.6795002480612,5.533159268290958,3.7109543957337157e-13
478,1742.3245306469041,5.534022878011779,3.710952839781606e-13
479,1745.969561045747,5.534832522057331,3.7109569674382e-13
480,1749.61459144459,5.535579869774749,3.7109726163657974e-13
481,1753.2596218434328,5.536298149990273,3.7109665227805747e-13
482,1756.9046522422757,5.536958314274472,3.7109645756455597e-13
483,1760.5496826411186,5.537572811886004,3.710953368303429e-13
484,1764.1947130399615,5.538108405304435,3.710963008320566e-13
485,1767.8397434388044,5.538594191408582,3.710964626847999e-13
486,1771.4847738376473,5.539013535273329,3.710972819762559e-13
487,1775.1298042364901,5.539378911262116,3.710974794689056e-13
488,1778.774834635333,5.539682008637818,3.7109775487551195e-13
489,1782.419865034176,5.539918675433563,3.710984291382573e-13
490,1786.0648954330188,5.540097205141045,3.7109866366633955e-13
491,1789.7099258318617,5.540225921864602,3.7109762484845035e-13
492,1793.3549562307046,5.5402840478341115,3.710972518331474e-13
493,1796.9999866295475,5.540275734212694,3.710971424189305e-13
